Distance_(microns),Gray_Value
0,0.33241
1,0.77390
2,1.83871
3,1.85785
4,0.96946
5,1.34159
6,1.64047
7,1.85423
8,2.40482
9,3.24594
10,2.57361
11,7.33731
12,3.95987
13,0.61757
14,0.68171
15,0.93704
16,0.75097
17,1.67119
18,2.27684
19,1.04649
20,1.03163
21,1.71958
22,1.46150
