Distance_(microns),Gray_Value
0,0.77164
1,1.58970
2,1.68300
3,2.10307
4,1.75157
5,1.17457
6,1.12976
7,1.16938
8,1.38774
9,2.67103
10,3.52317
11,6.53926
12,4.43442
13,2.24666
14,2.79980
15,1.58116
16,1.17200
17,0.89182
18,0.46202
19,0.58087
20,1.67092
21,1.53155
22,0.55459
23,0.12439
