Distance_(microns),Gray_Value
0,3.44782
1,3.49666
2,2.39195
3,2.49804
4,3.29126
5,3.38867
6,3.07250
7,3.15499
8,3.13945
9,5.21179
10,8.26219
11,5.03549
12,3.84316
13,2.06187
14,2.58123
15,3.00872
16,2.97365
17,2.19181
18,2.86154
