Distance_(microns),Gray_Value
0,2.33990
1,2.41192
2,2.47178
3,3.52923
4,2.42841
5,1.94814
6,3.88402
7,3.42312
8,1.71662
9,3.60180
10,4.95042
11,9.34132
12,6.30470
13,3.78355
14,3.44868
15,2.46633
16,2.40343
17,0.89733
18,1.38482
19,1.76095
