Distance_(microns),Gray_Value
0,0.37258
1,0.74436
2,1.24627
3,1.86228
4,1.45293
5,1.10164
6,3.20188
7,2.94087
8,2.41060
9,2.94186
10,4.22427
11,7.02900
12,10.20251
13,6.51956
14,2.56107
15,1.34975
16,2.16470
17,2.34189
18,2.38137
19,2.56008
20,2.21423
21,1.78549
22,1.99717
23,1.71727
24,1.44995
