Distance_(microns),Gray_Value
0,1.13444
1,0.93179
2,1.78278
3,1.46120
4,1.02489
5,1.65538
6,0.70897
7,1.83431
8,2.98848
9,3.85189
10,7.23918
11,3.23419
12,2.21301
13,1.07901
14,1.73727
15,1.72281
16,1.13771
17,1.12544
18,1.96570
19,0.73896
