Distance_(microns),Gray_Value
0,0.98507
1,1.27081
2,0.72548
3,0.97543
4,0.36137
5,0.73877
6,0.83470
7,0.93076
8,0.99021
9,1.77225
10,1.24946
11,2.01045
12,2.32596
13,4.33857
14,6.11814
15,8.15335
16,2.59234
17,2.14589
18,1.41038
19,1.37461
20,0.69250
21,0.81972
22,1.14767
23,0.23472
24,0.83831
25,1.97884
26,0.79059
27,0.90682
28,0.89530
