Distance_(microns),Gray_Value
0,1.93854
1,0.73683
2,1.02165
3,0.44787
4,0.54689
5,1.08788
6,2.35485
7,2.05118
8,1.98288
9,3.51239
10,6.42090
11,7.59239
12,2.75349
13,1.95371
14,1.68674
15,1.85074
16,1.37451
17,2.28877
18,1.53780
19,1.87288
20,0.86972
21,1.18089
