Distance_(microns),Gray_Value
0,0.00000
1,0.19491
2,0.29787
3,0.58305
4,0.77390
5,0.44183
6,0.87066
7,1.53658
8,1.21753
9,1.47042
10,3.09886
11,4.43065
12,6.43864
13,2.89812
14,1.07599
15,0.94780
16,1.71021
17,1.62203
18,1.00116
19,0.03088
20,0.30845
21,1.56373
22,1.37998
23,0.94850
