Distance_(microns),Gray_Value
0,0.36409
1,0.41876
2,0.84875
3,0.79864
4,0.83398
5,0.98615
6,0.51136
7,1.19482
8,1.39081
9,2.52882
10,2.21391
11,1.98041
12,4.36176
13,7.43848
14,4.31105
15,2.14168
16,3.35843
17,1.76999
18,1.64536
19,1.01318
20,0.67865
21,0.62371
22,1.06897
23,0.21875
24,0.68989
25,1.11616
26,1.33035
27,0.40124
