Distance_(microns),Gray_Value
0,0.27622
1,0.68405
2,0.71087
3,1.35073
4,0.38063
5,0.93590
6,1.31635
7,1.44632
8,0.50921
9,1.36105
10,2.57523
11,6.86964
12,3.43079
13,2.77870
14,1.65732
15,1.24802
16,2.13667
17,1.27017
18,2.28795
19,1.58961
20,1.58504
