Distance_(microns),Gray_Value
0,2.28456
1,3.19515
2,1.43067
3,2.75922
4,1.53051
5,2.43675
6,2.92513
7,1.74905
8,1.54463
9,1.80080
10,1.97253
11,2.08564
12,1.71659
13,5.62525
14,8.73606
15,4.62660
16,3.00703
17,3.64119
18,3.33115
19,2.94128
20,2.57989
21,3.98552
22,4.10353
23,2.39121
24,3.33818
25,2.49451
26,2.45627
