Distance_(microns),Gray_Value
0,0.23995
1,0.45168
2,0.69665
3,0.52157
4,0.00000
5,0.20266
6,0.89315
7,0.51785
8,0.27395
9,0.63824
10,0.98662
11,0.90750
12,0.95326
13,0.75393
14,1.30503
15,0.83504
16,1.74573
17,3.51114
18,6.18697
19,4.05119
20,2.14015
21,1.91603
22,1.11806
23,0.25415
24,0.44756
25,0.36048
26,0.29815
27,0.10023
28,1.06009
29,1.10758
30,0.71760
31,0.45391
32,0.57267
33,1.06517
34,0.36433
35,0.97322
