Distance_(microns),Gray_Value
0,0.66667
1,0.66667
2,0.23413
3,0.66071
4,1.00000
5,0.54365
6,0.33333
7,0.33333
8,0.57341
9,0.91071
10,2.98413
11,5.93453
12,3.33929
13,1.29365
14,0.47222
15,1.40476
16,0.85119
17,0.39087
18,1.45238
19,1.38294
20,1.33333
21,1.62500
