Distance_(microns),Gray_Value
0,0.00000
1,0.25688
2,0.47023
3,0.41170
4,0.79202
5,0.42534
6,0.00000
7,0.09230
8,0.24485
9,0.00000
10,0.32820
11,0.47153
12,0.55730
13,0.19819
14,0.35434
15,0.28249
16,1.13195
17,0.45415
18,1.77224
19,2.34945
20,5.08979
21,3.07297
22,1.89728
23,1.23660
24,0.51604
25,1.42349
26,1.03095
27,1.03162
28,0.70268
29,0.97383
30,0.80169
31,0.43361
32,0.23659
33,0.14887
34,0.26656
35,0.48203
36,0.60904
37,1.76397
38,0.13585
