Distance_(microns),Gray_Value
0,0.52963
1,0.37627
2,2.11099
3,1.62510
4,0.80503
5,1.15435
6,1.27443
7,1.68859
8,1.41813
9,0.61243
10,0.57045
11,1.37077
12,2.10726
13,0.97823
14,2.03960
15,2.50681
16,4.81118
17,7.78085
18,6.47828
19,4.66458
20,1.63942
21,1.57988
22,1.48616
23,1.41764
24,1.00084
25,0.87976
26,1.39840
27,1.00274
28,1.08716
29,0.60819
30,0.77901
31,1.20856
32,1.88181
33,1.06961
34,1.04022
