Distance_(microns),Gray_Value
0,0.71387
1,0.27702
2,0.87997
3,0.71974
4,0.35995
5,1.05435
6,0.43663
7,0.74137
8,0.87643
9,1.11515
10,1.75019
11,1.72417
12,1.08966
13,2.30741
14,1.91134
15,1.01101
16,2.88129
17,5.93254
18,7.37383
19,3.11145
20,2.40461
21,1.96150
22,1.26601
23,1.16497
24,1.14778
25,1.26225
26,0.41459
27,0.54583
28,1.58956
29,1.35472
30,1.23942
31,0.66516
32,0.59769
33,0.44057
