Distance_(microns),Gray_Value
0,0.77561
1,1.31786
2,0.48482
3,0.53935
4,0.83686
5,0.94091
6,0.72570
7,0.76320
8,0.54769
9,0.87578
10,1.55712
11,1.85253
12,2.45184
13,6.12370
14,2.97875
15,2.49784
16,1.00818
17,0.64482
18,1.23811
19,1.17183
20,1.02905
21,0.62658
22,0.49198
23,0.62325
24,0.03528
25,0.14976
26,0.69669
27,0.43835
