Distance_(microns),Gray_Value
0,1.33849
1,0.71328
2,1.14887
3,2.57303
4,0.74660
5,0.51533
6,0.26160
7,0.39658
8,1.14133
9,1.16972
10,1.22457
11,0.77459
12,0.96456
13,0.63983
14,1.43770
15,1.08630
16,1.36317
17,2.61680
18,4.89885
19,7.87499
20,4.57267
21,3.00714
22,2.92650
23,2.42112
24,2.15281
25,2.10429
26,1.63112
27,1.17818
28,0.86330
29,0.70631
30,1.31815
31,1.36807
32,1.28231
33,0.81758
34,0.94572
35,1.15532
36,0.71460
