Distance_(microns),Gray_Value
0,0.34859
1,0.23193
2,0.13598
3,0.63326
4,0.74422
5,1.64726
6,1.27229
7,0.36429
8,0.54710
9,1.08988
10,0.61405
11,1.41505
12,0.90774
13,1.36210
14,2.69745
15,4.43425
16,2.57622
17,1.39327
18,0.45919
19,0.46730
20,0.65851
21,0.35131
22,0.54448
23,0.84158
24,0.54005
25,0.59513
26,0.59127
27,0.79687
28,1.11545
