Distance_(microns),Gray_Value
0,2.02263
1,1.91481
2,2.14571
3,1.83456
4,1.72412
5,1.31360
6,0.96849
7,0.98088
8,0.06036
9,0.86834
10,1.77204
11,1.79362
12,2.30849
13,3.41748
14,3.45204
15,3.41524
16,5.14492
17,9.99236
18,4.21272
19,3.54681
20,3.25344
21,2.29209
22,2.17152
23,1.60641
24,2.96813
25,2.82140
26,2.70570
27,2.24716
28,1.71310
29,1.41528
30,1.69152
31,1.82256
32,2.97499
33,2.33615
34,1.83098
