Distance_(microns),Gray_Value
0,1.85609
1,1.56387
2,1.45976
3,0.97886
4,1.96741
5,1.74286
6,1.28410
7,1.55190
8,1.36076
9,2.16867
10,4.45804
11,7.09691
12,5.11596
13,2.38903
14,1.96156
15,0.53914
16,1.14314
17,0.68451
18,0.61684
19,0.97856
20,1.57046
21,1.67300
22,0.90910
23,0.91430
