Distance_(microns),Gray_Value
0,0.45211
1,0.89720
2,0.76877
3,0.16857
4,0.45723
5,0.34843
6,1.00248
7,0.25556
8,0.37358
9,0.37630
10,1.05971
11,1.59922
12,1.07128
13,1.76197
14,2.07086
15,2.66301
16,4.24610
17,7.36545
18,6.66568
19,3.59326
20,2.10507
21,2.38362
22,2.28554
23,1.50540
24,0.87568
25,1.00780
26,0.50843
27,0.76900
28,0.57900
29,0.61350
30,1.08224
31,0.66375
32,1.37715
33,0.42448
34,0.21628
35,0.76949
36,1.30769
37,0.33419
