Distance_(microns),Gray_Value
0,0.38070
1,0.57653
2,0.52393
3,0.74691
4,0.27867
5,0.30617
6,0.48309
7,0.38906
8,1.23699
9,1.52866
10,0.94204
11,1.19074
12,0.96110
13,1.48491
14,1.98665
15,1.85702
16,2.98109
17,5.38802
18,2.65124
19,2.07872
20,0.48416
21,0.54765
22,0.26109
23,0.42613
24,0.34502
25,0.53929
26,0.89104
27,0.54990
28,1.78721
29,1.92381
30,1.25866
31,0.15965
32,0.85420
33,0.59300
34,0.36264
35,0.08920
