Distance_(microns),Gray_Value
0,0.66667
1,0.66667
2,0.01755
3,0.16009
4,0.48246
5,0.18860
6,0.32018
7,0.93860
8,0.10527
9,0.29386
10,0.76755
11,0.54825
12,0.92105
13,1.41447
14,0.82017
15,1.46929
16,2.19298
17,1.94517
18,2.59649
19,4.95833
20,7.26317
21,3.85310
22,2.57018
23,1.50438
24,1.22807
25,1.22149
26,1.27632
27,1.01096
28,0.62281
29,0.29386
30,0.36842
31,0.50000
32,0.69298
33,1.30483
34,1.66667
35,1.48684
36,1.59649
37,0.89255
38,0.41667
