Distance_(microns),Gray_Value
0,1.00670
1,0.52751
2,1.48837
3,1.34820
4,0.74163
5,0.04432
6,0.59288
7,0.69378
8,0.70655
9,0.94221
10,1.25226
11,1.33552
12,0.68400
13,0.24451
14,1.50404
15,1.23741
16,1.70320
17,1.22159
18,2.83718
19,6.43499
20,4.18297
21,2.20061
22,1.49840
23,0.89607
24,1.08772
25,1.06896
26,1.25849
27,0.75865
28,1.73583
29,1.13090
30,0.81437
31,1.09493
32,0.94835
33,0.93020
34,0.76491
