Distance_(microns),Gray_Value
0,1.22983
1,1.27153
2,0.43767
3,0.06687
4,0.34053
5,0.95013
6,0.87114
7,0.24840
8,0.50592
9,0.67228
10,0.34904
11,1.04230
12,1.44636
13,2.81983
14,5.42586
15,2.42546
16,0.23007
17,0.80264
18,0.81353
19,0.45857
20,0.59538
21,0.78011
22,0.49735
23,0.12785
24,0.50338
25,0.44877
26,0.01757
27,0.32484
28,0.68373
