Distance_(microns),Gray_Value
0,0.55056
1,0.45825
2,0.13253
3,1.10515
4,1.16977
5,0.64247
6,0.56153
7,0.64159
8,1.01830
9,2.49504
10,3.19946
11,5.73931
12,2.77268
13,1.47909
14,1.57796
15,0.86768
16,0.66387
17,0.46319
18,0.56121
19,0.69672
20,1.33138
21,0.61111
22,0.61685
23,0.39355
