Distance_(microns),Gray_Value
0,1.04245
1,1.02277
2,1.33799
3,0.83461
4,1.18674
5,0.49346
6,2.32324
7,1.18113
8,1.90236
9,4.50059
10,7.37095
11,2.69736
12,2.44767
13,2.27746
14,1.80548
15,1.38733
16,3.11380
17,1.57454
18,0.91096
19,1.27943
20,1.70555
