Distance_(microns),Gray_Value
0,0.14659
1,0.25986
2,0.67966
3,0.43915
4,0.34982
5,0.03002
6,0.52753
7,0.33388
8,0.91027
9,0.38916
10,0.62352
11,5.43246
12,3.31179
13,0.95259
14,1.18733
15,0.60967
16,0.31330
17,0.64754
18,0.60365
19,0.21317
20,0.11941
21,0.43626
22,0.19253
