Distance_(microns),Gray_Value
0,0.38701
1,0.90432
2,0.42321
3,0.70199
4,1.26959
5,0.35646
6,0.47308
7,0.62809
8,0.69216
9,1.67641
10,6.41358
11,1.19929
12,2.49702
13,2.41937
14,1.84614
15,1.57101
16,0.57753
17,0.50138
18,0.30292
19,0.74448
