Distance_(microns),Gray_Value
0,0.15071
1,0.27534
2,0.91555
3,1.62724
4,0.97136
5,1.69355
6,2.35622
7,2.63674
8,2.65901
9,5.51247
10,8.42813
11,5.10738
12,2.06877
13,1.21739
14,1.61253
15,1.29293
16,0.68028
17,1.67814
18,0.65909
19,1.48788
