Distance_(microns),Gray_Value
0,0.98967
1,0.94761
2,0.63427
3,0.83817
4,1.42037
5,2.05759
6,0.89459
7,0.81524
8,1.32859
9,1.80971
10,1.39076
11,2.60993
12,4.51285
13,2.48419
14,1.38166
15,1.19640
16,1.65537
17,1.06414
18,1.44041
19,1.03105
20,0.67090
21,0.41830
22,0.65471
23,0.42528
