Distance_(microns),Gray_Value
0,1.07168
1,0.51624
2,0.93351
3,2.01297
4,1.85727
5,0.87430
6,1.86007
7,0.95985
8,2.70415
9,2.38122
10,4.01201
11,7.80845
12,4.61927
13,1.82081
14,2.60128
15,1.37076
16,1.57466
17,2.19868
18,1.64498
19,1.22207
20,0.72633
21,1.80830
22,0.46696
