Distance_(microns),Gray_Value
0,0.18842
1,0.89995
2,0.46970
3,0.91256
4,0.59118
5,1.99609
6,1.36640
7,1.29771
8,1.12325
9,1.25413
10,1.80619
11,4.36797
12,7.37223
13,3.04695
14,1.04187
15,1.61984
16,1.50513
17,1.35885
18,0.62232
19,0.64162
20,0.51586
21,0.42197
22,0.08886
23,0.30144
24,0.30219
25,0.50482
26,0.45496
