Distance_(microns),Gray_Value
0,0.31583
1,0.44579
2,1.66668
3,0.60960
4,0.49550
5,0.89602
6,1.11817
7,0.84142
8,0.43642
9,1.49089
10,2.19481
11,3.32900
12,4.14185
13,6.42638
14,2.24864
15,2.34159
16,1.85279
17,0.31883
18,0.59575
19,0.19294
20,0.23814
21,0.60518
22,0.81123
23,0.57514
24,0.13918
25,1.28248
26,1.07656
