Distance_(microns),Gray_Value
0,1.07776
1,2.06103
2,2.28296
3,0.90192
4,0.82142
5,1.13026
6,1.14986
7,0.70858
8,1.30930
9,1.47493
10,1.52141
11,3.03346
12,5.80281
13,4.22154
14,2.40389
15,1.73172
16,1.28405
17,2.01678
18,2.25393
19,2.17179
20,0.76720
21,1.47551
22,1.51671
23,0.63031
24,0.87297
25,0.93305
26,1.74811
