Distance_(microns),Gray_Value
0,0.28837
1,0.59688
2,0.27349
3,0.11813
4,0.19252
5,0.89387
6,1.47015
7,1.32107
8,2.19390
9,2.26354
10,2.50540
11,3.20314
12,9.23886
13,6.46062
14,3.85914
15,0.97969
16,0.96051
17,0.78797
18,0.99085
19,0.86449
20,0.96510
21,0.84130
22,0.16880
23,0.34738
24,1.74544
25,0.99619
