Distance_(microns),Gray_Value
0,0.57396
1,1.02324
2,1.60962
3,0.72741
4,1.08933
5,0.56431
6,0.89447
7,0.71113
8,1.72522
9,1.14147
10,0.83748
11,1.30035
12,2.34829
13,2.62677
14,4.90711
15,7.81840
16,3.91162
17,2.55743
18,1.36937
19,1.95604
20,2.17717
21,1.56441
22,1.17587
23,1.94726
24,1.04756
25,0.59695
26,0.48455
27,0.35635
28,1.00824
