Distance_(microns),Gray_Value
0,1.32212
1,0.98774
2,1.84304
3,2.27932
4,1.75241
5,2.06585
6,1.49753
7,2.05575
8,2.30906
9,2.10259
10,2.17902
11,3.25480
12,6.17341
13,9.20427
14,3.81190
15,2.25114
16,1.72225
17,2.49067
18,3.05477
19,2.17199
20,1.98529
21,1.64803
22,2.28349
23,2.36380
24,2.04326
25,2.43282
26,1.62928
27,2.08588
