Distance_(microns),Gray_Value
0,1.03001
1,1.20251
2,0.78098
3,0.53094
4,2.44653
5,1.83072
6,0.45451
7,1.47055
8,2.86735
9,4.70622
10,6.87264
11,3.69082
12,1.97196
13,1.36329
14,0.37886
15,1.28059
16,2.91437
17,3.08660
18,3.46498
