Distance_(microns),Gray_Value
0,0.95676
1,1.03651
2,1.87876
3,1.25150
4,0.94642
5,0.56071
6,0.54612
7,1.25669
8,1.05418
9,2.12544
10,4.59025
11,2.14190
12,1.80423
13,1.86249
14,1.07133
15,0.73316
16,1.20604
17,0.24952
18,0.73140
19,0.66095
20,0.85520
21,0.39088
