Distance_(microns),Gray_Value
0,0.94836
1,0.65361
2,1.51524
3,1.82012
4,2.57274
5,2.24997
6,5.06073
7,10.18620
8,3.69104
9,3.34087
10,1.59855
11,1.90954
12,2.43713
13,2.32782
14,2.61617
