Distance_(microns),Gray_Value
0,1.42214
1,0.65545
2,0.56055
3,1.57752
4,1.09006
5,0.69885
6,0.73854
7,1.52068
8,2.54095
9,1.96016
10,1.30096
11,1.07928
12,1.83124
13,1.49023
14,0.80588
15,1.72728
16,3.84003
17,2.85820
18,4.66431
19,9.27186
20,6.03187
21,3.55360
22,2.39455
23,3.41388
24,1.18037
25,2.84223
26,2.44966
27,0.47522
28,1.19370
29,1.91522
30,0.82860
31,0.67351
32,0.36410
33,1.17241
34,0.18394
35,0.64907
36,1.00715
37,0.61442
38,0.54328
39,0.37302
