Distance_(microns),Gray_Value
0,0.90744
1,1.87556
2,1.79452
3,2.08285
4,0.91813
5,0.80358
6,0.40442
7,0.28883
8,0.99475
9,1.56223
10,1.72944
11,2.48383
12,1.50637
13,1.66726
14,1.59457
15,3.60199
16,6.15064
17,7.80660
18,4.29769
19,3.29016
20,2.84543
21,2.06978
22,2.04765
23,1.81132
24,1.55165
25,1.68302
26,2.16419
27,1.11481
28,1.65964
29,1.23775
30,1.10732
31,1.63560
32,1.84262
33,0.30526
34,0.97750
