Distance_(microns),Gray_Value
0,1.79395
1,1.46837
2,1.35315
3,0.69971
4,0.64732
5,0.89046
6,0.81096
7,1.54090
8,1.47805
9,1.39475
10,2.09762
11,3.21502
12,5.40047
13,8.83377
14,6.21310
15,4.53836
16,4.43901
17,3.47688
18,2.61938
19,1.74878
20,1.43760
21,0.53366
22,1.05487
23,1.22456
24,1.28009
