Distance_(microns),Gray_Value
0,0.73749
1,0.66658
2,1.24708
3,1.33964
4,0.95417
5,2.27922
6,1.18345
7,1.53675
8,1.61833
9,0.98737
10,1.84554
11,1.66149
12,4.41882
13,6.38853
14,4.20323
15,2.13009
16,2.33853
17,2.37016
18,1.55452
19,1.73627
20,1.73560
21,0.91147
22,0.83584
23,1.00211
