Distance_(microns),Gray_Value
0,0.80820
1,0.62131
2,0.63248
3,0.55983
4,0.33927
5,0.35428
6,0.58778
7,0.85423
8,0.60119
9,1.34117
10,1.28331
11,0.94460
12,1.36904
13,2.98097
14,7.31035
15,4.30790
16,3.06691
17,1.97917
18,1.96853
19,1.81310
20,1.99269
21,0.58388
22,0.51689
23,0.76590
24,0.59915
25,0.92774
26,0.49404
