Distance_(microns),Gray_Value
0,1.40771
1,1.81189
2,1.02267
3,0.77070
4,1.03820
5,1.28240
6,1.52904
7,1.62365
8,2.01332
9,1.98324
10,1.61924
11,2.20539
12,4.44154
13,7.18234
14,4.40558
15,1.80507
16,1.34164
17,1.09059
18,0.67007
19,1.56128
20,1.17190
21,0.36780
22,0.42155
23,1.00037
24,0.00000
25,0.00000
