Distance_(microns),Gray_Value
0,0.73581
1,0.83007
2,1.53432
3,1.32820
4,2.53791
5,1.91301
6,0.69379
7,1.56580
8,1.78561
9,1.78877
10,1.94113
11,2.03194
12,3.11850
13,1.78583
14,2.87772
15,8.13490
16,9.96369
17,5.28974
18,2.70920
19,2.50230
20,1.76617
21,1.13191
22,1.84314
23,0.96385
24,0.80279
25,1.86723
26,0.69904
27,0.81412
28,0.39491
29,0.81724
30,0.63479
31,0.79826
32,0.73468
33,0.80512
34,0.11432
