Distance_(microns),Gray_Value
0,0.55699
1,0.36936
2,0.65995
3,0.39730
4,0.73536
5,0.83308
6,0.04237
7,0.10239
8,0.75217
9,0.95535
10,0.36601
11,0.42188
12,1.04675
13,2.06787
14,4.02406
15,6.68527
16,8.97530
17,4.75352
18,2.14584
19,1.19254
20,1.66048
21,1.33915
22,0.70957
23,1.05007
24,0.47973
25,0.38441
26,1.09068
27,0.49147
28,0.28291
29,0.05249
30,0.93438
31,0.57483
