Distance_(microns),Gray_Value
0,2.23559
1,1.83110
2,2.61443
3,3.92479
4,2.38832
5,1.42162
6,1.40011
7,1.38528
8,2.65730
9,1.39587
10,1.76476
11,1.36701
12,1.77112
13,1.81444
14,1.74202
15,2.73963
16,3.63173
17,6.68140
18,9.68673
19,5.80243
20,2.90475
21,2.93822
22,2.27717
23,2.47242
24,2.46672
25,1.90371
26,0.95841
27,1.65668
28,1.41121
29,1.27254
30,0.68583
31,1.08865
32,0.83014
33,1.23776
34,1.02519
35,1.81171
36,1.49541
