Distance_(microns),Gray_Value
0,0.84008
1,0.83554
2,1.00963
3,1.31537
4,0.50589
5,1.49224
6,1.21127
7,1.15842
8,0.67619
9,0.81785
10,1.02413
11,0.93526
12,1.54142
13,1.33726
14,1.20962
15,2.52248
16,7.07932
17,9.11906
18,7.08328
19,4.53091
20,3.02902
21,1.31535
22,1.07031
23,0.42576
24,0.72154
25,1.15436
26,0.80857
27,0.57196
28,1.61445
29,0.62198
30,0.84740
31,0.88140
32,0.64721
33,0.01075
