Distance_(microns),Gray_Value
0,0.09803
1,0.65755
2,0.67141
3,0.56855
4,1.25218
5,0.42386
6,0.43205
7,0.48964
8,0.98258
9,1.10166
10,0.42491
11,0.27861
12,1.81438
13,5.84550
14,3.48948
15,2.38741
16,2.00392
17,1.44606
18,1.25269
19,0.80216
20,0.72019
21,0.35239
22,0.57267
23,0.45406
24,0.10933
25,0.51358
26,0.14782
