Distance_(microns),Gray_Value
0,1.83333
1,1.92114
2,1.16572
3,1.02107
4,2.13570
5,2.04660
6,1.15134
7,0.99808
8,1.10984
9,1.56897
10,1.18806
11,1.61654
12,2.19732
13,3.16570
14,6.01341
15,7.06417
16,4.94920
17,2.28480
18,1.86207
19,1.98914
20,0.99106
21,1.01149
22,1.89016
23,1.46392
24,1.12931
25,0.91730
26,0.62229
27,0.80365
28,1.47797
29,1.59258
